Acteur,Bailleur,SecteurActivite,EtatProjet,PopulationBeneficiaire,Departement,Commune,Dpcode
SFCG,BPRM,Protection,En cours,Déplacés/Hôtes,Bosso,Bosso,42954
OIM,Fonds CERF,Abris/BNA,Réalisé,Déplacés/Hôtes,Bosso,Bosso,42954
SCI,ECHO,Nutrition,En cours,Réfugiés/Retournés/Hôtes,Bosso,Bosso,42954
SCI,BPRM,Santé,En cours,Réfugiés/Retournés/Hôtes,Bosso,Bosso,42954
ACTED,UNICEF,EHA,Planifié,Tous,Bosso,Bosso,42954
ACTED,UNICEF,EHA,Planifié,Tous,Bosso,Bosso,42954
ACTED,UNICEF,EHA,Planifié,Tous,Bosso,Bosso,42954
ACTED,UNICEF,EHA,Planifié,Tous,Bosso,Bosso,42954
ACTED,ECHO,EHA,Planifié,DéplacésRéfugiés/Retournés,Bosso,Bosso,42954
ACTED,ECHO,Abris/BNA,Planifié,DéplacésRéfugiés/Retournés,Bosso,Bosso,42954
CARE Niger,UNHCR,Logistique,Réalisé,Tous,Bosso,Bosso,42954
CARE Niger,UNHCR,Logistique,Réalisé,Tous,Bosso,Bosso,42954
DRC,ECHO,Protection,Réalisé,Déplacés,Diffa,Chetimari,42946
IRC,DOUBAI CARES ,Education,Planifié,Déplacés/Hôtes,Diffa,Chetimari,42946
IRC,OFDA,Relèvement Précoce,En cours,Déplacés/Hôtes,Diffa,Chetimari,42946
ACTED,BPRM,EHA,En cours,Déplacés/Hôtes,Diffa,Chetimari,42946
ACTED,BPRM,EHA,En cours,Déplacés/Hôtes,Diffa,Chetimari,42946
ACTED,BPRM,EHA,En cours,Déplacés/Hôtes,Diffa,Chetimari,42946
IAS,Fonds CERF,EHA,En cours,Déplacés/Hôtes,Diffa,Chetimari,42946
IAS,SIDA,EHA,En cours,Déplacés/Hôtes,Diffa,Chetimari,42946
IRC,OFDA,Protection,Réalisé,Déplacés/Hôtes,Diffa,Chetimari,42946
IRC,SDC,Protection,Réalisé,Déplacés/Hôtes,Diffa,Chetimari,42946
IRC,SDC,Protection,Réalisé,Déplacés/Hôtes,Diffa,Chetimari,42946
ACTED,BPRM,Sécurité Alimentaire,En cours,Déplacés/Hôtes,Diffa,Chetimari,42946
ACTED,BPRM,EHA,Planifié,Déplacés/Hôtes,Diffa,Chetimari,42946
OIM,Fonds CERF,Abris/BNA,Réalisé,Déplacés/Hôtes,Diffa,Chetimari,42946
OIM,Fonds CERF,Abris/BNA,Réalisé,Déplacés/Hôtes,Diffa,Chetimari,42946
ACTED,BPRM,EHA,Réalisé,Déplacés/Hôtes,Diffa,Chetimari,42946
IAS,SIDA,EHA,Réalisé,Déplacés/Hôtes,Diffa,Chetimari,42946
IRC,BPRM,Protection,Réalisé,Déplacés/Hôtes/Réfugiés,Diffa,Chetimari,42946
MSF-CH,Fonds Propre,Santé,En cours,Déplacés/Hôtes/Réfugiés,Diffa,Chetimari,42946
MSF-CH,Fonds Propre,Santé,En cours,Déplacés/Hôtes/Réfugiés,Diffa,Chetimari,42946
Karkara,PAM,Sécurité Alimentaire,En cours,Déplacés/Hôtes/Réfugiés,Diffa,Chetimari,42946
Karkara,PAM,Sécurité Alimentaire,En cours,Déplacés/Hôtes/Réfugiés,Diffa,Chetimari,42946
Karkara,PAM,Sécurité Alimentaire,En cours,Déplacés/Hôtes/Réfugiés,Diffa,Chetimari,42946
Karkara,PAM,Sécurité Alimentaire,En cours,Déplacés/Hôtes/Réfugiés,Diffa,Chetimari,42946
Karkara,PAM,Sécurité Alimentaire,En cours,Déplacés/Hôtes/Réfugiés,Diffa,Chetimari,42946
Karkara,PAM,Sécurité Alimentaire,En cours,Déplacés/Hôtes/Réfugiés,Diffa,Chetimari,42946
Karkara,PAM,Sécurité Alimentaire,En cours,Déplacés/Hôtes/Réfugiés,Diffa,Chetimari,42946
Karkara,PAM,Sécurité Alimentaire,En cours,Déplacés/Hôtes/Réfugiés,Diffa,Chetimari,42946
Karkara,PAM,Sécurité Alimentaire,En cours,Déplacés/Hôtes/Réfugiés,Diffa,Chetimari,42946
Karkara,PAM,Sécurité Alimentaire,En cours,Déplacés/Hôtes/Réfugiés,Diffa,Chetimari,42946
Karkara,PAM,Sécurité Alimentaire,En cours,Déplacés/Hôtes/Réfugiés,Diffa,Chetimari,42946
Karkara,ONU FEMME,Protection,Réalisé,Déplacés/Hôtes/Réfugiés,Diffa,Chetimari,42946
Karkara,ONU FEMME,Protection,Réalisé,Déplacés/Hôtes/Réfugiés,Diffa,Chetimari,42946
Karkara,ONU FEMME,Protection,Réalisé,Déplacés/Hôtes/Réfugiés,Diffa,Chetimari,42946
Karkara,ONU FEMME,Protection,Réalisé,Déplacés/Hôtes/Réfugiés,Diffa,Chetimari,42946
Karkara,ONU FEMME,Protection,Réalisé,Déplacés/Hôtes/Réfugiés,Diffa,Chetimari,42946
Karkara,ONU FEMME,Protection,Réalisé,Déplacés/Hôtes/Réfugiés,Diffa,Chetimari,42946
Karkara,ONU FEMME,Protection,Réalisé,Déplacés/Hôtes/Réfugiés,Diffa,Chetimari,42946
Karkara,ONU FEMME,Protection,Réalisé,Déplacés/Hôtes/Réfugiés,Diffa,Chetimari,42946
Karkara,PAM,Sécurité Alimentaire,Réalisé,Déplacés/Hôtes/Réfugiés,Diffa,Chetimari,42946
Karkara,PAM,Sécurité Alimentaire,En cours,Déplacés/Hôtes/Retournés,Diffa,Chetimari,42946
Karkara,ONU FEMME,Protection,Réalisé,Déplacés/Hôtes/Retournés,Diffa,Chetimari,42946
Karkara,ONU FEMME,Protection,Réalisé,Déplacés/Hôtes/Retournés,Diffa,Chetimari,42946
Karkara,ONU FEMME,Protection,Réalisé,Déplacés/Hôtes/Retournés,Diffa,Chetimari,42946
Karkara,ONU FEMME,Protection,Réalisé,Déplacés/Hôtes/Retournés,Diffa,Chetimari,42946
CARE Niger,UNHCR,Abris/BNA,Réalisé,Déplacés/Réfugiés,Diffa,Chetimari,42946
IRC,FFP,Sécurité Alimentaire,En cours,Déplacés/Réfugiés/Retournés,Diffa,Chetimari,42946
IRC,BPRM,Sécurité Alimentaire,Planifié,Déplacés/Réfugiés/Retournés,Diffa,Chetimari,42946
IRC,BPRM,Sécurité Alimentaire,Planifié,Déplacés/Réfugiés/Retournés,Diffa,Chetimari,42946
CRS,OFDA,EHA,En cours,Hôtes,Diffa,Chetimari,42946
CRS,OFDA,EHA,En cours,Hôtes,Diffa,Chetimari,42946
CRS,OFDA,EHA,En cours,Hôtes,Diffa,Chetimari,42946
CRS,OFDA,EHA,En cours,Hôtes,Diffa,Chetimari,42946
CRS,OFDA,EHA,En cours,Hôtes,Diffa,Chetimari,42946
CRS,OFDA,EHA,En cours,Hôtes,Diffa,Chetimari,42946
CRS,OFDA,EHA,En cours,Hôtes,Diffa,Chetimari,42946
CRS,OFDA,EHA,En cours,Hôtes,Diffa,Chetimari,42946
CRS,OFDA,EHA,En cours,Hôtes,Diffa,Chetimari,42946
CRS,OFDA,EHA,En cours,Hôtes,Diffa,Chetimari,42946
CRS,OFDA,EHA,En cours,Hôtes,Diffa,Chetimari,42946
CRS,OFDA,EHA,En cours,Hôtes,Diffa,Chetimari,42946
CRS,OFDA,EHA,En cours,Hôtes,Diffa,Chetimari,42946
CRS,OFDA,EHA,Réalisé,Hôtes,Diffa,Chetimari,42946
CRS,OFDA,EHA,Réalisé,Hôtes,Diffa,Chetimari,42946
CRS,OFDA,EHA,Réalisé,Hôtes,Diffa,Chetimari,42946
CRS,OFDA,EHA,Réalisé,Hôtes,Diffa,Chetimari,42946
CRS,OFDA,EHA,Réalisé,Hôtes,Diffa,Chetimari,42946
CRS,OFDA,EHA,Réalisé,Hôtes,Diffa,Chetimari,42946
CRS,OFDA,EHA,Réalisé,Hôtes,Diffa,Chetimari,42946
CRS,OFDA,EHA,Réalisé,Hôtes,Diffa,Chetimari,42946
CRS,OFDA,EHA,Réalisé,Hôtes,Diffa,Chetimari,42946
CRS,OFDA,EHA,Réalisé,Hôtes,Diffa,Chetimari,42946
CRS,OFDA,EHA,Réalisé,Hôtes,Diffa,Chetimari,42946
CRS,OFDA,EHA,Réalisé,Hôtes,Diffa,Chetimari,42946
CRS,OFDA,EHA,Réalisé,Hôtes,Diffa,Chetimari,42946
CRS,OFDA,Sécurité Alimentaire,Réalisé,Hôtes,Diffa,Chetimari,42946
CRS,OFDA,Sécurité Alimentaire,Réalisé,Hôtes,Diffa,Chetimari,42946
CRS,OFDA,Sécurité Alimentaire,Réalisé,Hôtes,Diffa,Chetimari,42946
CRS,OFDA,Sécurité Alimentaire,Réalisé,Hôtes,Diffa,Chetimari,42946
CRS,OFDA,Sécurité Alimentaire,Réalisé,Hôtes,Diffa,Chetimari,42946
CRS,OFDA,Sécurité Alimentaire,Réalisé,Hôtes,Diffa,Chetimari,42946
SCI,USAID,Sécurité Alimentaire,En cours,Hôtes/Retournés ,Diffa,Chetimari,42946
SCI,USAID,Sécurité Alimentaire,En cours,Hôtes/Retournés ,Diffa,Chetimari,42946
SCI,USAID,Sécurité Alimentaire,En cours,Hôtes/Retournés ,Diffa,Chetimari,42946
SCI,USAID,Sécurité Alimentaire,En cours,Hôtes/Retournés ,Diffa,Chetimari,42946
IRC,BPRM,Protection,Réalisé,Réfugiés,Diffa,Chetimari,42946
IRC,BPRM,Protection,Réalisé,Réfugiés,Diffa,Chetimari,42946
IRC,BPRM,Relèvement Précoce,En cours,Réfugiés,Diffa,Chetimari,42946
IRC,BPRM,Relèvement Précoce,En cours,Réfugiés,Diffa,Chetimari,42946
APBE,UNHCR,Abris/BNA,En cours,Réfugiés,Diffa,Chetimari,42946
APBE,PAM,Santé,En cours,Réfugiés,Diffa,Chetimari,42946
APBE,PAM,Santé,En cours,Réfugiés,Diffa,Chetimari,42946
APBE,UNHCR,Santé,En cours,Réfugiés,Diffa,Chetimari,42946
APBE,UNHCR,Santé,En cours,Réfugiés,Diffa,Chetimari,42946
APBE,UNHCR,Santé,En cours,Réfugiés,Diffa,Chetimari,42946
APBE,UNHCR,Santé,En cours,Réfugiés,Diffa,Chetimari,42946
APBE,UNHCR,Santé,En cours,Réfugiés,Diffa,Chetimari,42946
APBE,UNHCR,Santé,En cours,Réfugiés,Diffa,Chetimari,42946
APBE,UNHCR,Santé,En cours,Réfugiés,Diffa,Chetimari,42946
APBE,UNHCR,Santé,En cours,Réfugiés,Diffa,Chetimari,42946
APBE,UNHCR,Santé,En cours,Réfugiés,Diffa,Chetimari,42946
APBE,UNHCR,Santé,En cours,Réfugiés,Diffa,Chetimari,42946
APBE,UNHCR,Santé,En cours,Réfugiés,Diffa,Chetimari,42946
APBE,UNHCR,Santé,En cours,Réfugiés,Diffa,Chetimari,42946
CISP,BPRM,Abris/BNA,En cours,Hôtes/Réfugiés,Diffa,Chetimari,42946
SCI,ECHO,Nutrition,En cours,Réfugiés/Retournés/Hôtes,Diffa,Chetimari,42946
SCI,BPRM,Santé,En cours,Réfugiés/Retournés/Hôtes,Diffa,Chetimari,42946
IRC,UNICEF,Abris/BNA,Réalisé,Tous,Diffa,Chetimari,42946
IRC,UNICEF,Protection de l'enfance,Réalisé,Tous,Diffa,Chetimari,42946
IRC,UNICEF,Protection de l'enfance,Réalisé,Tous,Diffa,Chetimari,42946
IRC,UNICEF,Protection de l'enfance,Réalisé,Tous,Diffa,Chetimari,42946
IRC,CDC,Santé,Réalisé,Tous,Diffa,Chetimari,42946
SCI,Ministry of Foreign Affairs of Norway,Education,En cours,Tous,Diffa,Chetimari,42946
SCI,SIDA,Protection de l'enfance,En cours,Tous,Diffa,Chetimari,42946
CARE Niger,Coopération Luxembourgeoise,Protection,Réalisé,Tous,Diffa,Chetimari,42946
CARE Niger,Coopération Luxembourgeoise,Protection,Réalisé,Tous,Diffa,Chetimari,42946
CARE Niger,Coopération Luxembourgeoise,Protection,Réalisé,Tous,Diffa,Chetimari,42946
CARE Niger,Coopération Luxembourgeoise,Protection,Réalisé,Tous,Diffa,Chetimari,42946
CARE Niger,UNICEF,Protection,Réalisé,Tous,Diffa,Chetimari,42946
CARE Niger,UNICEF,Protection,Réalisé,Tous,Diffa,Chetimari,42946
ACTED,ECHO,EHA,Planifié,DéplacésRéfugiés/Retournés,Diffa,Chetimari,42946
ACTED,ECHO,Abris/BNA,Planifié,DéplacésRéfugiés/Retournés,Diffa,Chetimari,42946
CARE Niger,UNHCR,Logistique,Réalisé,Tous,Diffa,Chetimari,42946
IRC,UNICEF,Protection de l'enfance,Réalisé,Tous,Maine-Soroa,Chetimari,42946
IRC,UNICEF,Protection de l'enfance,Réalisé,Tous,Maine-Soroa,Chetimari,42946
CARE Niger,UNHCR,Logistique,Réalisé,Tous,Diffa,Chetimari,42946
APBE,UNHCR,Abris/BNA,En cours,Déplacés,Diffa,Diffa,42946
OIM,Fonds CERF,Abris/BNA,Réalisé,Déplacés,Diffa,Diffa,42953
OIM,Fonds CERF,Abris/BNA,Réalisé,Déplacés,Diffa,Diffa,42953
MSF-E,Fonds propres,Santé,En cours,Déplacés/Hôtes/Réfugiés,Diffa,Diffa,42953
MSF-E,Fonds propres,Santé,En cours,Déplacés/Hôtes/Réfugiés,Diffa,Diffa,42953
MSF-E,Fonds propres,Santé,En cours,Déplacés/Hôtes/Réfugiés,Diffa,Diffa,42953
MSF-E,Fonds propres,Santé,En cours,Déplacés/Hôtes/Réfugiés,Diffa,Diffa,42953
MSF-E,Fonds propres,Santé,En cours,Déplacés/Hôtes/Réfugiés,Diffa,Diffa,42953
MSF-E,Fonds propres,Santé,En cours,Déplacés/Hôtes/Réfugiés,Diffa,Diffa,42953
MSF-E,Fonds propres,Santé,En cours,Déplacés/Hôtes/Réfugiés,Diffa,Diffa,42953
SFCG,NDI-USAID ET DANIDA,Communication,En cours,Déplacés/Hôtes,Diffa,Diffa,42953
SFCG,BPRM,Communication,En cours,Déplacés/Hôtes,Diffa,Diffa,42953
IAS,Fonds CERF,EHA,En cours,Déplacés/Hôtes,Diffa,Diffa,42953
IAS,SIDA,EHA,En cours,Déplacés/Hôtes,Diffa,Diffa,42953
SFCG,BPRM,Protection,En cours,Déplacés/Hôtes,Diffa,Diffa,42953
ACTED,BPRM,Sécurité Alimentaire,En cours,Déplacés/Hôtes,Diffa,Diffa,42953
CRPGCA,CCA,Sécurité Alimentaire,En cours,Déplacés/Hôtes,Diffa,Diffa,42953
ACTED,BPRM,EHA,Réalisé,Déplacés/Hôtes,Diffa,Diffa,42953
IAS,SIDA,EHA,Réalisé,Déplacés/Hôtes,Diffa,Diffa,42953
IRC,OFDA,Relèvement Précoce,En cours,Déplacés/Hôtes,Diffa,Diffa,42953
IRC,OFDA,Relèvement Précoce,En cours,Déplacés/Hôtes,Diffa,Diffa,42953
IRC,DOUBAI CARES ,Education,Planifié,Déplacés/Hôtes,Diffa,Diffa,42953
IRC,DOUBAI CARES ,Education,Planifié,Déplacés/Hôtes,Diffa,Diffa,42953
IRC,BPRM,Protection,Réalisé,Déplacés/Hôtes/Réfugiés,Diffa,Diffa,42953
MSF-CH,Fonds Propre,Santé,En cours,Déplacés/Hôtes/Réfugiés,Diffa,Diffa,42953
MSF-CH,Fonds Propre,Santé,En cours,Déplacés/Hôtes/Réfugiés,Diffa,Diffa,42953
Karkara,PAM,Sécurité Alimentaire,En cours,Déplacés/Hôtes/Réfugiés,Diffa,Diffa,42953
Karkara,PAM,Sécurité Alimentaire,En cours,Déplacés/Hôtes/Réfugiés,Diffa,Diffa,42953
Karkara,PAM,Sécurité Alimentaire,En cours,Déplacés/Hôtes/Réfugiés,Diffa,Diffa,42953
Karkara,PAM,Sécurité Alimentaire,En cours,Déplacés/Hôtes/Réfugiés,Diffa,Diffa,42953
Karkara,PAM,Sécurité Alimentaire,En cours,Déplacés/Hôtes/Réfugiés,Diffa,Diffa,42953
Karkara,PAM,Sécurité Alimentaire,En cours,Déplacés/Hôtes/Réfugiés,Diffa,Diffa,42953
Karkara,PAM,Sécurité Alimentaire,En cours,Déplacés/Hôtes/Réfugiés,Diffa,Diffa,42953
IRC,DOUBAI CARES ,Education,Planifié,Déplacés/Hôtes/Réfugiés,Diffa,Diffa,42953
DRC,ECHO,Protection,Réalisé,Déplacés/Hôtes/Retournés,Diffa,Diffa,42953
IRC,FFP,Sécurité Alimentaire,En cours,Déplacés/Réfugiés/Retournés,Diffa,Diffa,42953
IRC,FFP,Sécurité Alimentaire,En cours,Déplacés/Réfugiés/Retournés,Diffa,Diffa,42953
IRC,FFP,Sécurité Alimentaire,En cours,Déplacés/Réfugiés/Retournés,Diffa,Diffa,42953
IRC,BPRM,Sécurité Alimentaire,Planifié,Déplacés/Réfugiés/Retournés,Diffa,Diffa,42953
IRC,OFDA,Protection,Réalisé,Hôtes/Réfugiés,Diffa,Diffa,42953
IRC,BPRM,Protection,Réalisé,Hôtes/Réfugiés,Diffa,Diffa,42953
SCI,USAID,Sécurité Alimentaire,En cours,Hôtes/Retournés ,Diffa,Diffa,42953
SCI,USAID,Sécurité Alimentaire,En cours,Hôtes/Retournés ,Diffa,Diffa,42953
SCI,USAID,Sécurité Alimentaire,En cours,Hôtes/Retournés ,Diffa,Diffa,42953
SCI,USAID,Sécurité Alimentaire,En cours,Hôtes/Retournés ,Diffa,Diffa,42953
SCI,USAID,Sécurité Alimentaire,En cours,Hôtes/Retournés ,Diffa,Diffa,42953
SCI,USAID,Sécurité Alimentaire,En cours,Hôtes/Retournés ,Diffa,Diffa,42953
IRC,BPRM,Relèvement Précoce,En cours,Réfugiés,Diffa,Diffa,42953
ACTED,BPRM,EHA,En cours,Réfugiés,Diffa,Diffa,42953
ACTED,BPRM,EHA,En cours,Réfugiés,Diffa,DIffa,42953
ACTED,BPRM,EHA,En cours,Réfugiés,Diffa,Diffa,42953
CISP,UNHCR,Abris/BNA,En cours,Réfugiés/Retournés/Hôtes,Diffa,Diffa,42953
SCI,ECHO,Nutrition,En cours,Réfugiés/Retournés/Hôtes,Diffa,Diffa,42953
SCI,BPRM,Protection de l'enfance,En cours,Réfugiés/Retournés/Hôtes,Diffa,Diffa,42953
SCI,BPRM,Santé,En cours,Réfugiés/Retournés/Hôtes,Diffa,Diffa,42953
IRC,SDC,Protection,Réalisé,Tous,Diffa,Diffa,42953
IRC,SDC,Protection,Réalisé,Tous,Diffa,Diffa,42953
IRC,SDC,Protection,Réalisé,Tous,Diffa,Diffa,42953
IRC,OFDA,Protection de l'enfance,Réalisé,Tous,Diffa,Diffa,42953
IRC,UNICEF,Protection de l'enfance,Réalisé,Tous,Diffa,Diffa,42953
IRC,UNICEF,Protection de l'enfance,Réalisé,Tous,Diffa,Diffa,42953
IRC,UNICEF,Protection de l'enfance,Réalisé,Tous,Diffa,Diffa,42953
IRC,OFDA,EHA,Réalisé,Tous,Diffa,Diffa,42953
IRC,OFDA,EHA,En cours,Tous,Diffa,Diffa,42953
SCI,Ministry of Foreign Affairs of Norway,Education,En cours,Tous,Diffa,Diffa,42953
SCI,SIDA,Protection de l'enfance,En cours,Tous,Diffa,Diffa,42953
CARE Niger,Coopération Luxembourgeoise,Protection,Réalisé,Tous,Diffa,Diffa,42953
CARE Niger,Coopération Luxembourgeoise,Protection,Réalisé,Tous,Diffa,Diffa,42953
CARE Niger,UNICEF,Protection,Réalisé,Tous,Diffa,Diffa,42953
CARE Niger,UNICEF,Protection,Réalisé,Tous,Diffa,Diffa,42953
SOS Villages Enfants,Financements multiples,Protection de l'enfance,Réalisé,Tous,Diffa,Diffa,42953
SOS Villages Enfants,Financements multiples,Protection de l'enfance,Réalisé,Tous,Diffa,Diffa,42953
SOS Villages Enfants,Financements multiples,Protection de l'enfance,Réalisé,Tous,Diffa,Diffa,42953
SOS Villages Enfants,Financements multiples,Protection de l'enfance,Réalisé,Tous,Diffa,Diffa,42953
SOS Villages Enfants,Financements multiples,Protection de l'enfance,Réalisé,Tous,Diffa,Diffa,42953
SOS Villages Enfants,Financements multiples,Protection de l'enfance,Réalisé,Tous,Diffa,Diffa,42953
SOS Villages Enfants,Financements multiples,Protection de l'enfance,Réalisé,Tous,Diffa,Diffa,42953
SOS Villages Enfants,Financements multiples,Protection de l'enfance,Réalisé,Tous,Diffa,Diffa,42953
CARE Niger,UNHCR,Logistique,Réalisé,Tous,Diffa,Diffa,42953
CARE Niger,UNHCR,Logistique,En cours,Tous,Diffa,Diffa,42953
CARE Niger,UNHCR,Abris/BNA,Réalisé,Tous,Diffa,Diffa,42953
ACTED,ECHO,EHA,Planifié,DéplacésRéfugiés/Retournés,Diffa,Diffa,42953
ACTED,ECHO,Abris/BNA,Planifié,DéplacésRéfugiés/Retournés,Diffa,Diffa,42953
CARE Niger,UNHCR,Logistique,Réalisé,Tous,Diffa,Diffa,42953
CARE Niger,UNHCR,Logistique,Réalisé,Tous,Diffa,Diffa,42953
CRPGCA,CCA,Sécurité Alimentaire,En cours,Déplacés/Hôtes,Maine-Soroa,Foulatari,42952
SCI,PAM,Sécurité Alimentaire,En cours,Hôtes/Retournés ,Maine-Soroa,Foulatari,42952
SCI,PAM,Sécurité Alimentaire,En cours,Hôtes/Retournés ,Maine-Soroa,Foulatari,42952
SCI,PAM,Sécurité Alimentaire,En cours,Hôtes/Retournés ,Maine-Soroa,Foulatari,42952
SCI,PAM,Sécurité Alimentaire,En cours,Hôtes/Retournés ,Maine-Soroa,Foulatari,42952
SCI,PAM,Sécurité Alimentaire,En cours,Hôtes/Retournés ,Maine-Soroa,Foulatari,42952
SCI,PAM,Sécurité Alimentaire,En cours,Hôtes/Retournés ,Maine-Soroa,Foulatari,42952
SCI,ECHO,Nutrition,En cours,Réfugiés/Retournés/Hôtes,Maine-Soroa,Foulatari,42952
CARE Niger,UNHCR,Logistique,Réalisé,Tous,Maine-Soroa,Foulatari,42952
ACTED,ECHO,EHA,Planifié,DéplacésRéfugiés/Retournés,Diffa,Goudoumaria,42947
ACTED,ECHO,Abris/BNA,Planifié,DéplacésRéfugiés/Retournés,Diffa,Goudoumaria,42947
CARE Niger,UNHCR,Logistique,Réalisé,Tous,Diffa,Goudoumaria,42947
SFCG,NDI-USAID ET DANIDA,Communication,En cours,Déplacés/Hôtes,Goudoumaria,Goudoumaria,42947
SFCG,BPRM,Communication,En cours,Déplacés/Hôtes,Goudoumaria,Goudoumaria,42947
CRPGCA,CCA,Sécurité Alimentaire,En cours,Déplacés/Hôtes,Goudoumaria,Goudoumaria,42947
CARE Niger,OFDA,Relèvement Précoce,Réalisé,Déplacés/Hôtes,Goudoumaria,Goudoumaria,42947
CARE Niger,OFDA,Sécurité Alimentaire,Réalisé,Déplacés/Hôtes,Goudoumaria,Goudoumaria,42947
CARE Niger,OFDA,Sécurité Alimentaire,Réalisé,Déplacés/Hôtes,Goudoumaria,Goudoumaria,42947
CARE Niger,OFDA,Sécurité Alimentaire,Réalisé,Déplacés/Hôtes,Goudoumaria,Goudoumaria,42947
CARE Niger,OFDA,Sécurité Alimentaire,Réalisé,Déplacés/Hôtes,Goudoumaria,Goudoumaria,42947
CARE Niger,OFDA,Sécurité Alimentaire,Réalisé,Déplacés/Hôtes,Goudoumaria,Goudoumaria,42947
CARE Niger,OFDA,Sécurité Alimentaire,Réalisé,Déplacés/Hôtes,Goudoumaria,Goudoumaria,42947
CARE Niger,OFDA,Sécurité Alimentaire,Réalisé,Déplacés/Hôtes,Goudoumaria,Goudoumaria,42947
CARE Niger,OFDA,Sécurité Alimentaire,Réalisé,Déplacés/Hôtes,Goudoumaria,Goudoumaria,42947
CRS,OFDA,EHA,En cours,Hôtes,Goudoumaria,Goudoumaria,42947
CRS,OFDA,EHA,En cours,Hôtes,Goudoumaria,Goudoumaria,42947
CRS,OFDA,EHA,En cours,Hôtes,Goudoumaria,Goudoumaria,42947
CRS,OFDA,EHA,En cours,Hôtes,Goudoumaria,Goudoumaria,42947
CRS,OFDA,EHA,En cours,Hôtes,Goudoumaria,Goudoumaria,42947
CRS,OFDA,EHA,En cours,Hôtes,Goudoumaria,Goudoumaria,42947
CRS,OFDA,EHA,En cours,Hôtes,Goudoumaria,Goudoumaria,42947
CRS,OFDA,EHA,En cours,Hôtes,Goudoumaria,Goudoumaria,42947
CRS,OFDA,EHA,En cours,Hôtes,Goudoumaria,Goudoumaria,42947
CRS,OFDA,EHA,En cours,Hôtes,Goudoumaria,Goudoumaria,42947
CRS,OFDA,EHA,En cours,Hôtes,Goudoumaria,Goudoumaria,42947
CRS,OFDA,EHA,En cours,Hôtes,Goudoumaria,Goudoumaria,42947
CRS,OFDA,EHA,En cours,Hôtes,Goudoumaria,Goudoumaria,42947
CRS,OFDA,EHA,En cours,Hôtes,Goudoumaria,Goudoumaria,42947
CRS,OFDA,EHA,En cours,Hôtes,Goudoumaria,Goudoumaria,42947
CRS,OFDA,EHA,En cours,Hôtes,Goudoumaria,Goudoumaria,42947
CRS,OFDA,EHA,En cours,Hôtes,Goudoumaria,Goudoumaria,42947
CRS,OFDA,EHA,En cours,Hôtes,Goudoumaria,Goudoumaria,42947
CRS,OFDA,EHA,En cours,Hôtes,Goudoumaria,Goudoumaria,42947
CRS,OFDA,EHA,En cours,Hôtes,Goudoumaria,Goudoumaria,42947
CRS,OFDA,EHA,Réalisé,Hôtes,Goudoumaria,Goudoumaria,42947
CRS,OFDA,EHA,Réalisé,Hôtes,Goudoumaria,Goudoumaria,42947
CRS,OFDA,EHA,Réalisé,Hôtes,Goudoumaria,Goudoumaria,42947
CRS,OFDA,EHA,Réalisé,Hôtes,Goudoumaria,Goudoumaria,42947
CRS,OFDA,EHA,Réalisé,Hôtes,Goudoumaria,Goudoumaria,42947
CRS,OFDA,EHA,Réalisé,Hôtes,Goudoumaria,Goudoumaria,42947
CRS,OFDA,EHA,Réalisé,Hôtes,Goudoumaria,Goudoumaria,42947
CRS,OFDA,EHA,Réalisé,Hôtes,Goudoumaria,Goudoumaria,42947
CRS,OFDA,EHA,Réalisé,Hôtes,Goudoumaria,Goudoumaria,42947
CRS,OFDA,EHA,Réalisé,Hôtes,Goudoumaria,Goudoumaria,42947
CRS,OFDA,EHA,Réalisé,Hôtes,Goudoumaria,Goudoumaria,42947
CRS,OFDA,EHA,Réalisé,Hôtes,Goudoumaria,Goudoumaria,42947
CRS,OFDA,EHA,Réalisé,Hôtes,Goudoumaria,Goudoumaria,42947
CRS,OFDA,EHA,Réalisé,Hôtes,Goudoumaria,Goudoumaria,42947
CRS,OFDA,EHA,Réalisé,Hôtes,Goudoumaria,Goudoumaria,42947
CRS,OFDA,EHA,Réalisé,Hôtes,Goudoumaria,Goudoumaria,42947
CRS,OFDA,EHA,Réalisé,Hôtes,Goudoumaria,Goudoumaria,42947
CRS,OFDA,EHA,Réalisé,Hôtes,Goudoumaria,Goudoumaria,42947
CRS,OFDA,EHA,Réalisé,Hôtes,Goudoumaria,Goudoumaria,42947
CRS,OFDA,EHA,Réalisé,Hôtes,Goudoumaria,Goudoumaria,42947
CRS,OFDA,Sécurité Alimentaire,Réalisé,Hôtes,Goudoumaria,Goudoumaria,42947
CRS,OFDA,Sécurité Alimentaire,Réalisé,Hôtes,Goudoumaria,Goudoumaria,42947
CRS,OFDA,Sécurité Alimentaire,Réalisé,Hôtes,Goudoumaria,Goudoumaria,42947
CRS,OFDA,Sécurité Alimentaire,Réalisé,Hôtes,Goudoumaria,Goudoumaria,42947
CRS,OFDA,Sécurité Alimentaire,Réalisé,Hôtes,Goudoumaria,Goudoumaria,42947
CRS,OFDA,Sécurité Alimentaire,Réalisé,Hôtes,Goudoumaria,Goudoumaria,42947
CRS,OFDA,Sécurité Alimentaire,Réalisé,Hôtes,Goudoumaria,Goudoumaria,42947
CRS,OFDA,Sécurité Alimentaire,Réalisé,Hôtes,Goudoumaria,Goudoumaria,42947
CRS,OFDA,Sécurité Alimentaire,Réalisé,Hôtes,Goudoumaria,Goudoumaria,42947
CRS,OFDA,Sécurité Alimentaire,Réalisé,Hôtes,Goudoumaria,Goudoumaria,42947
CRS,OFDA,Sécurité Alimentaire,Réalisé,Hôtes,Goudoumaria,Goudoumaria,42947
CRS,OFDA,Sécurité Alimentaire,Réalisé,Hôtes,Goudoumaria,Goudoumaria,42947
CRS,OFDA,Sécurité Alimentaire,Réalisé,Hôtes,Goudoumaria,Goudoumaria,42947
CRS,OFDA,Sécurité Alimentaire,Réalisé,Hôtes,Goudoumaria,Goudoumaria,42947
CRS,OFDA,Sécurité Alimentaire,Réalisé,Hôtes,Goudoumaria,Goudoumaria,42947
CRS,OFDA,Sécurité Alimentaire,Réalisé,Hôtes,Goudoumaria,Goudoumaria,42947
CRS,OFDA,Sécurité Alimentaire,Réalisé,Hôtes,Goudoumaria,Goudoumaria,42947
ONG Kouri,PRODEX,Sécurité Alimentaire,Planifié,Hotes ,Goudoumaria,Goudoumaria,42947
SCI,PAM,Sécurité Alimentaire,En cours,Hôtes/Retournés ,Goudoumaria,Goudoumaria,42947
SCI,PAM,Sécurité Alimentaire,En cours,Hôtes/Retournés ,Goudoumaria,Goudoumaria,42947
SCI,PAM,Sécurité Alimentaire,En cours,Hôtes/Retournés ,Goudoumaria,Goudoumaria,42947
SCI,PAM,Sécurité Alimentaire,En cours,Hôtes/Retournés ,Goudoumaria,Goudoumaria,42947
SCI,PAM,Sécurité Alimentaire,En cours,Hôtes/Retournés ,Goudoumaria,Goudoumaria,42947
SCI,PAM,Sécurité Alimentaire,En cours,Hôtes/Retournés ,Goudoumaria,Goudoumaria,42947
SCI,PAM,Sécurité Alimentaire,En cours,Hôtes/Retournés ,Goudoumaria,Goudoumaria,42947
SCI,PAM,Sécurité Alimentaire,En cours,Hôtes/Retournés ,Goudoumaria,Goudoumaria,42947
SCI,PAM,Sécurité Alimentaire,En cours,Hôtes/Retournés ,Goudoumaria,Goudoumaria,42947
SCI,PAM,Sécurité Alimentaire,En cours,Hôtes/Retournés ,Goudoumaria,Goudoumaria,42947
SCI,PAM,Sécurité Alimentaire,En cours,Hôtes/Retournés ,Goudoumaria,Goudoumaria,42947
SCI,PAM,Sécurité Alimentaire,En cours,Hôtes/Retournés ,Goudoumaria,Goudoumaria,42947
SCI,PAM,Sécurité Alimentaire,En cours,Hôtes/Retournés ,Goudoumaria,Goudoumaria,42947
SCI,PAM,Sécurité Alimentaire,En cours,Hôtes/Retournés ,Goudoumaria,Goudoumaria,42947
SCI,PAM,Sécurité Alimentaire,En cours,Hôtes/Retournés ,Goudoumaria,Goudoumaria,42947
SCI,PAM,Sécurité Alimentaire,En cours,Hôtes/Retournés ,Goudoumaria,Goudoumaria,42947
SCI,PAM,Sécurité Alimentaire,En cours,Hôtes/Retournés ,Goudoumaria,Goudoumaria,42947
SCI,PAM,Sécurité Alimentaire,En cours,Hôtes/Retournés ,Goudoumaria,Goudoumaria,42947
SCI,PAM,Sécurité Alimentaire,En cours,Hôtes/Retournés ,Goudoumaria,Goudoumaria,42947
SCI,PAM,Sécurité Alimentaire,En cours,Hôtes/Retournés ,Goudoumaria,Goudoumaria,42947
SCI,PAM,Sécurité Alimentaire,En cours,Hôtes/Retournés ,Goudoumaria,Goudoumaria,42947
SCI,PAM,Sécurité Alimentaire,En cours,Hôtes/Retournés ,Goudoumaria,Goudoumaria,42947
SCI,PAM,Sécurité Alimentaire,En cours,Hôtes/Retournés ,Goudoumaria,Goudoumaria,42947
SCI,PAM,Sécurité Alimentaire,En cours,Hôtes/Retournés ,Goudoumaria,Goudoumaria,42947
SCI,PAM,Sécurité Alimentaire,En cours,Hôtes/Retournés ,Goudoumaria,Goudoumaria,42947
SCI,PAM,Sécurité Alimentaire,En cours,Hôtes/Retournés ,Goudoumaria,Goudoumaria,42947
SCI,PAM,Sécurité Alimentaire,En cours,Hôtes/Retournés ,Goudoumaria,Goudoumaria,42947
SCI,PAM,Sécurité Alimentaire,En cours,Hôtes/Retournés ,Goudoumaria,Goudoumaria,42947
SCI,PAM,Sécurité Alimentaire,En cours,Hôtes/Retournés ,Goudoumaria,Goudoumaria,42947
SCI,PAM,Sécurité Alimentaire,En cours,Hôtes/Retournés ,Goudoumaria,Goudoumaria,42947
SCI,PAM,Sécurité Alimentaire,En cours,Hôtes/Retournés ,Goudoumaria,Goudoumaria,42947
SCI,PAM,Sécurité Alimentaire,En cours,Hôtes/Retournés ,Goudoumaria,Goudoumaria,42947
SCI,PAM,Sécurité Alimentaire,En cours,Hôtes/Retournés ,Goudoumaria,Goudoumaria,42947
SCI,PAM,Sécurité Alimentaire,En cours,Hôtes/Retournés ,Goudoumaria,Goudoumaria,42947
SCI,PAM,Sécurité Alimentaire,En cours,Hôtes/Retournés ,Goudoumaria,Goudoumaria,42947
SCI,PAM,Sécurité Alimentaire,En cours,Hôtes/Retournés ,Goudoumaria,Goudoumaria,42947
SCI,ECHO,Nutrition,En cours,Réfugiés/Retournés/Hôtes,Goudoumaria,Goudoumaria,42947
CARE Niger,UNHCR,Logistique,Réalisé,Tous,Goudoumaria,Goudoumaria,42947
MSF-E,Fonds propres,Santé,En cours,Déplacés/Hôtes/Réfugiés,Diffa,Gueskerou,42945
MSF-E,Fonds propres,Santé,En cours,Déplacés/Hôtes/Réfugiés,Diffa,Gueskerou,42945
MSF-E,Fonds propres,Santé,En cours,Déplacés/Hôtes/Réfugiés,Diffa,Gueskerou,42945
MSF-E,Fonds propres,Santé,En cours,Déplacés/Hôtes/Réfugiés,Diffa,Gueskerou,42945
SFCG,NDI-USAID ET DANIDA,Communication,En cours,Déplacés/Hôtes,Diffa,Gueskerou,42945
SFCG,BPRM,Communication,En cours,Déplacés/Hôtes,Diffa,Gueskerou,42945
ACTED,BPRM,EHA,En cours,Déplacés/Hôtes,Diffa,Gueskerou,42945
ACTED,BPRM,EHA,En cours,Déplacés/Hôtes,Diffa,Gueskerou,42945
ACTED,BPRM,EHA,En cours,Déplacés/Hôtes,Diffa,Gueskerou,42945
ACTED,BPRM,EHA,En cours,Déplacés/Hôtes,Diffa,Gueskerou,42945
ACTED,BPRM,EHA,En cours,Déplacés/Hôtes,Diffa,Gueskerou,42945
ACTED,BPRM,EHA,En cours,Déplacés/Hôtes,Diffa,Gueskerou,42945
ACTED,BPRM,EHA,En cours,Déplacés/Hôtes,Diffa,Gueskerou,42945
IAS,Fonds CERF,EHA,En cours,Déplacés/Hôtes,Diffa,Gueskerou,42945
ACTED,BPRM,Sécurité Alimentaire,En cours,Déplacés/Hôtes,Diffa,Gueskerou,42945
Samaritan's Purse,Fonds propres,Sécurité Alimentaire,En cours,Déplacés/Hôtes,Diffa,Gueskerou,42945
Samaritan's Purse,Fonds propres,Sécurité Alimentaire,En cours,Déplacés/Hôtes,Diffa,Gueskerou,42945
Samaritan's Purse,PAM,Sécurité Alimentaire,En cours,Déplacés/Hôtes,Diffa,Gueskerou,42945
Samaritan's Purse,PAM,Sécurité Alimentaire,En cours,Déplacés/Hôtes,Diffa,Gueskerou,42945
Samaritan's Purse,PAM,Sécurité Alimentaire,En cours,Déplacés/Hôtes,Diffa,Gueskerou,42945
Samaritan's Purse,PAM,Sécurité Alimentaire,En cours,Déplacés/Hôtes,Diffa,Gueskerou,42945
Samaritan's Purse,PAM,Sécurité Alimentaire,En cours,Déplacés/Hôtes,Diffa,Gueskerou,42945
Samaritan's Purse,PAM,Sécurité Alimentaire,En cours,Déplacés/Hôtes,Diffa,Gueskerou,42945
Samaritan's Purse,PAM,Sécurité Alimentaire,En cours,Déplacés/Hôtes,Diffa,Gueskerou,42945
Samaritan's Purse,PAM,Sécurité Alimentaire,En cours,Déplacés/Hôtes,Diffa,Gueskerou,42945
Samaritan's Purse,PAM,Sécurité Alimentaire,En cours,Déplacés/Hôtes,Diffa,Gueskerou,42945
Samaritan's Purse,PAM,Sécurité Alimentaire,En cours,Déplacés/Hôtes,Diffa,Gueskerou,42945
Samaritan's Purse,PAM,Sécurité Alimentaire,En cours,Déplacés/Hôtes,Diffa,Gueskerou,42945
ACTED,BPRM,EHA,Planifié,Déplacés/Hôtes,Diffa,Gueskerou,42945
OIM,Fonds CERF,Abris/BNA,Réalisé,Déplacés/Hôtes,Diffa,Gueskerou,42945
OIM,Fonds CERF,Abris/BNA,Réalisé,Déplacés/Hôtes,Diffa,Gueskerou,42945
OIM,Fonds CERF,Abris/BNA,Réalisé,Déplacés/Hôtes,Diffa,Gueskerou,42945
ACTED,BPRM,EHA,Réalisé,Déplacés/Hôtes,Diffa,Gueskerou,42945
ACTED,BPRM,EHA,Réalisé,Déplacés/Hôtes,Diffa,Gueskerou,42945
IAS,SIDA,EHA,Réalisé,Déplacés/Hôtes,Diffa,Gueskerou,42945
ACTED,UNICEF,EHA,Réalisé,Déplacés/Hôtes,Diffa,Gueskerou,42945
CARE Niger,ECHO,EHA,En cours,Déplacés/Hôtes/Réfugiés,Diffa,Gueskerou,42945
MSF-CH,Fonds Propre,EHA,En cours,Déplacés/Hôtes/Réfugiés,Diffa,Gueskerou,42945
MSF-CH,Fonds Propre,Santé,En cours,Déplacés/Hôtes/Réfugiés,Diffa,Gueskerou,42945
MSF-CH,Fonds Propre,Santé,En cours,Déplacés/Hôtes/Réfugiés,Diffa,Gueskerou,42945
MSF-E,Fonds propres,Santé,En cours,Déplacés/Hôtes/Réfugiés,Diffa,Gueskerou,42945
MSF-E,Fonds propres,Santé,En cours,Déplacés/Hôtes/Réfugiés,Diffa,Gueskerou,42945
CARE Niger,ECHO,EHA,Réalisé,Déplacés/Hôtes/Réfugiés,Diffa,Gueskerou,42945
IRC,BPRM,Protection,Réalisé,Déplacés/Hôtes/Réfugiés,Diffa,Gueskerou,42945
IRC,BPRM,Protection,Réalisé,Déplacés/Hôtes/Réfugiés,Diffa,Gueskerou,42945
IRC,OFDA,Protection,Réalisé,Déplacés/Hôtes/Réfugiés,Diffa,Gueskerou,42945
IRC,SDC,Protection,Réalisé,Déplacés/Hôtes/Réfugiés,Diffa,Gueskerou,42945
IRC,BPRM,Protection,Réalisé,Déplacés/Réfugiés,Diffa,Gueskerou,42945
IRC,UNHCR,Protection,Réalisé,Déplacés/Réfugiés/Retournés,Diffa,Gueskerou,42945
IRC,FFP,Sécurité Alimentaire,En cours,Déplacés/Réfugiés/Retournés,Diffa,Gueskerou,42945
IRC,FFP,Sécurité Alimentaire,En cours,Déplacés/Réfugiés/Retournés,Diffa,Gueskerou,42945
ONG Kouri,PRODEX,Sécurité Alimentaire,Planifié,Hotes ,Diffa,Gueskerou,42945
SCI,USAID,Sécurité Alimentaire,En cours,Hôtes/Retournés ,Diffa,Gueskerou,42945
SCI,USAID,Sécurité Alimentaire,En cours,Hôtes/Retournés ,Diffa,Gueskerou,42945
SCI,USAID,Sécurité Alimentaire,En cours,Hôtes/Retournés ,Diffa,Gueskerou,42945
SCI,ECHO,Nutrition,En cours,Réfugiés/Retournés/Hôtes,Diffa,Gueskerou,42945
IRC,OFDA,EHA,En cours,Tous,Diffa,Gueskerou,42945
IRC,OFDA,EHA,Réalisé,Tous,Diffa,Gueskerou,42945
IRC,BPRM,Protection,Réalisé,Tous,Diffa,Gueskerou,42945
IRC,BPRM,Protection,Réalisé,Tous,Diffa,Gueskerou,42945
IRC,UNHCR,Protection,Réalisé,Tous,Diffa,Gueskerou,42945
IRC,UNHCR,Protection,Réalisé,Tous,Diffa,Gueskerou,42945
IRC,UNHCR,Protection,Réalisé,Tous,Diffa,Gueskerou,42945
IRC,BPRM,Protection,Réalisé,Tous,Diffa,Gueskerou,42945
IRC,BPRM,Protection,Réalisé,Tous,Diffa,Gueskerou,42945
IRC,UNICEF,Protection de l'enfance,Réalisé,Tous,Diffa,Gueskerou,42945
IRC,UNICEF,Protection de l'enfance,Réalisé,Tous,Diffa,Gueskerou,42945
SCI,SIDA,Protection de l'enfance,En cours,Tous,Diffa,Gueskerou,42945
IRC,UNICEF,Protection de l'enfance,Réalisé,Tous,Diffa,Gueskerou,42945
IRC,UNICEF,Protection de l'enfance,Réalisé,Tous,Diffa,Gueskerou,42945
IRC,UNICEF,Protection de l'enfance,Réalisé,Tous,Diffa,Gueskerou,42945
CARE Niger,Coopération Luxembourgeoise,Protection,Réalisé,Tous,Diffa,Gueskerou,42945
CARE Niger,Coopération Luxembourgeoise,Protection,Réalisé,Tous,Diffa,Gueskerou,42945
CARE Niger,Coopération Luxembourgeoise,Protection,Réalisé,Tous,Diffa,Gueskerou,42945
CARE Niger,Coopération Luxembourgeoise,Protection,Réalisé,Tous,Diffa,Gueskerou,42945
IRC,UNICEF,Protection de l'enfance,Réalisé,Tous,Diffa,Gueskerou,42945
IRC,UNICEF,Protection de l'enfance,Réalisé,Tous,Diffa,Gueskerou,42945
IRC,UNICEF,Protection de l'enfance,Réalisé,Tous,Diffa,Gueskerou,42945
IRC,UNICEF,Protection de l'enfance,Réalisé,Tous,Diffa,Gueskerou,42945
CARE Niger,UNICEF,Protection,Réalisé,Tous,Diffa,Gueskerou,42945
CARE Niger,UNICEF,Protection,Réalisé,Tous,Diffa,Gueskerou,42945
CARE Niger,UNICEF,Protection,Réalisé,Tous,Diffa,Gueskerou,42945
CARE Niger,UNICEF,Protection,Réalisé,Tous,Diffa,Gueskerou,42945
CARE Niger,UNICEF,Protection,Réalisé,Tous,Diffa,Gueskerou,42945
CARE Niger,UNICEF,Protection,Réalisé,Tous,Diffa,Gueskerou,42945
IRC,DOUBAI CARES ,Education,Planifié,Déplacés/Hôtes,Gueskerou,Gueskerou,42945
CARE Niger,UNHCR,Logistique,Réalisé,Tous,Diffa,Gueskerou,42945
IRC,UNICEF,Protection de l'enfance,Réalisé,Tous,Diffa,Kabalewa,42949
IRC,UNICEF,Protection de l'enfance,Réalisé,Tous,Diffa,Kabalewa,42949
APBE,PAM,Santé,En cours,Déplacés,N'Guigmi,Kabalewa,42949
APBE,PAM,Santé,En cours,Déplacés,N'Guigmi,Kabalewa,42949
APBE,UNHCR,Santé,En cours,Déplacés,N'Guigmi,Kabalewa,42949
APBE,UNHCR,Santé,En cours,Déplacés,N'Guigmi,Kabalewa,42949
APBE,UNHCR,Santé,En cours,Déplacés,N'Guigmi,Kabalewa,42949
APBE,UNHCR,Santé,En cours,Déplacés,N'Guigmi,Kabalewa,42949
APBE,UNHCR,Santé,En cours,Déplacés,N'Guigmi,Kabalewa,42949
APBE,UNHCR,Santé,En cours,Déplacés,N'Guigmi,Kabalewa,42949
APBE,UNHCR,Santé,En cours,Déplacés,N'Guigmi,Kabalewa,42949
APBE,UNHCR,Santé,En cours,Déplacés,N'Guigmi,Kabalewa,42949
APBE,UNHCR,Santé,En cours,Déplacés,N'Guigmi,Kabalewa,42949
APBE,UNHCR,Santé,En cours,Déplacés,N'Guigmi,Kabalewa,42949
APBE,UNHCR,Santé,En cours,Déplacés,N'Guigmi,Kabalewa,42949
SFCG,NDI-USAID ET DANIDA,Communication,En cours,Déplacés/Hôtes,N'Guigmi,Kabalewa,42949
SFCG,BPRM,Communication,En cours,Déplacés/Hôtes,N'Guigmi,Kabalewa,42949
SFCG,BPRM,Protection,En cours,Déplacés/Hôtes,N'Guigmi,Kabalewa,42949
CRPGCA,CCA,Sécurité Alimentaire,En cours,Déplacés/Hôtes,N'Guigmi,Kabalewa,42949
CARE Niger,OFDA,Relèvement Précoce,Réalisé,Déplacés/Hôtes,N'Guigmi,Kabalewa,42949
CARE Niger,OFDA,Relèvement Précoce,Réalisé,Déplacés/Hôtes,N'Guigmi,Kabalewa,42949
Karkara,ONU FEMME,Protection,Réalisé,Déplacés/Hôtes/Réfugiés,N'Guigmi,Kabalewa,42949
Karkara,ONU FEMME,Protection,Réalisé,Déplacés/Hôtes/Réfugiés,N'Guigmi,Kabalewa,42949
Karkara,ONU FEMME,Protection,Réalisé,Déplacés/Hôtes/Réfugiés,N'Guigmi,Kabalewa,42949
Karkara,ONU FEMME,Protection,Réalisé,Déplacés/Hôtes/Réfugiés,N'Guigmi,Kabalewa,42949
IRC,BPRM,Protection,Réalisé,Déplacés/Hôtes/Réfugiés,N'Guigmi,Kabalewa,42949
IRC,BPRM,Protection,Réalisé,Déplacés/Hôtes/Réfugiés,N'Guigmi,Kabalewa,42949
IRC,OFDA,Protection,Réalisé,Déplacés/Hôtes/Réfugiés,N'Guigmi,Kabalewa,42949
IRC,SDC,Protection,Réalisé,Déplacés/Hôtes/Réfugiés,N'Guigmi,Kabalewa,42949
Karkara,PAM,Sécurité Alimentaire,En cours,Déplacés/Hôtes/Retournés,N'Guigmi,Kabalewa,42949
DRC,ECHO,Protection,Réalisé,Déplacés/Hôtes/Retournés,N'Guigmi,Kabalewa,42949
Karkara,ONU FEMME,Protection,Réalisé,Déplacés/Hôtes/Retournés,N'Guigmi,Kabalewa,42949
Karkara,ONU FEMME,Protection,Réalisé,Déplacés/Hôtes/Retournés,N'Guigmi,Kabalewa,42949
IRC,BPRM,Protection,Réalisé,Déplacés/Réfugiés,N'Guigmi,Kabalewa,42949
IRC,BPRM,Protection,Réalisé,Déplacés/Réfugiés,N'Guigmi,Kabalewa,42949
APBE,UNHCR,Abris/BNA,En cours,Réfugiés/Retournés/Déplacés,N'Guigmi,Kabalewa,42949
SCI,BPRM,Protection de l'enfance,En cours,Réfugiés/Retournés/Hôtes,N'Guigmi,Kabalewa,42949
SCI,BPRM,Santé,En cours,Réfugiés/Retournés/Hôtes,N'Guigmi,Kabalewa,42949
SCI,SIDA,Protection de l'enfance,En cours,Tous,N'Guigmi,Kabalewa,42949
CARE Niger,Coopération Luxembourgeoise,Protection,Réalisé,Tous,N'Guigmi,Kabalewa,42949
IRC,UNICEF,Protection de l'enfance,Réalisé,Tous,N'Guigmi,Kabalewa,42949
IRC,UNICEF,Protection de l'enfance,Réalisé,Tous,N'Guigmi,Kabalewa,42949
IRC,CDC,Santé,Réalisé,Tous,N'Guigmi,Kabalewa,42949
ACTED,PAM,Sécurité Alimentaire,Réalisé,Tous,N'Guigmi,Kabalewa,42949
ACTED,PAM,Sécurité Alimentaire,Réalisé,Tous,N'Guigmi,Kabalewa,42949
ACTED,ECHO,EHA,Planifié,DéplacésRéfugiés/Retournés,N'Guigmi,Kabalewa,42949
ACTED,ECHO,Abris/BNA,Planifié,DéplacésRéfugiés/Retournés,N'Guigmi,Kabalewa,42949
CARE Niger,UNHCR,Logistique,Réalisé,Tous,N'Guigmi,Kabalewa,42949
CARE Niger,UNHCR,Logistique,Réalisé,Tous,N'Guigmi,Kabalewa,42949
IRC,SDC,Protection,Réalisé,Déplacés/Hôtes,Goudoumaria,Maine-Soroa,42948
SFCG,NDI-USAID ET DANIDA,Communication,En cours,Déplacés/Hôtes,Maine-Soroa,Maine-Soroa,42948
SFCG,BPRM,Communication,En cours,Déplacés/Hôtes,Maine-Soroa,Maine-Soroa,42948
IAS,Fonds CERF,EHA,En cours,Déplacés/Hôtes,Maine-Soroa,Maine-Soroa,42948
SFCG,BPRM,Protection,En cours,Déplacés/Hôtes,Maine-Soroa,Maine-Soroa,42948
CRPGCA,CCA,Sécurité Alimentaire,En cours,Déplacés/Hôtes,Maine-Soroa,Maine-Soroa,42948
IAS,SIDA,EHA,Réalisé,Déplacés/Hôtes,Maine-Soroa,Maine-Soroa,42948
IRC,DOUBAI CARES ,Education,Planifié,Déplacés/Hôtes,Maine-Soroa,Maine-Soroa,42948
IRC,OFDA,Protection,Réalisé,Déplacés/Hôtes,Maine-Soroa,Maine-Soroa,42948
IRC,SDC,Protection,Réalisé,Déplacés/Hôtes,Maine-Soroa,Maine-Soroa,42948
IRC,SDC,Protection,Réalisé,Déplacés/Hôtes,Maine-Soroa,Maine-Soroa,42948
IRC,SDC,Protection,Réalisé,Déplacés/Hôtes,Maine-Soroa,Maine-Soroa,42948
IRC,SDC,Protection,Réalisé,Déplacés/Hôtes,Maine-Soroa,Maine-Soroa,42948
IRC,SDC,Protection,Réalisé,Déplacés/Hôtes,Maine-Soroa,Maine-Soroa,42948
IRC,SDC,Protection,Réalisé,Déplacés/Hôtes,Maine-Soroa,Maine-Soroa,42948
IRC,SDC,Protection,Réalisé,Déplacés/Hôtes,Maine-Soroa,Maine-Soroa,42948
IRC,OFDA,Relèvement Précoce,En cours,Déplacés/Hôtes,Maine-Soroa,Maine-Soroa,42948
IRC,BPRM,Protection,Réalisé,Déplacés/Réfugiés,Maine-Soroa,Maine-Soroa,42948
IRC,FFP,Sécurité Alimentaire,En cours,Déplacés/Réfugiés/Retournés,Maine-Soroa,Maine-Soroa,42948
IRC,FFP,Sécurité Alimentaire,En cours,Déplacés/Réfugiés/Retournés,Maine-Soroa,Maine-Soroa,42948
IRC,FFP,Sécurité Alimentaire,En cours,Déplacés/Réfugiés/Retournés,Maine-Soroa,Maine-Soroa,42948
IRC,FFP,Sécurité Alimentaire,En cours,Déplacés/Réfugiés/Retournés,Maine-Soroa,Maine-Soroa,42948
IRC,FFP,Sécurité Alimentaire,En cours,Déplacés/Réfugiés/Retournés,Maine-Soroa,Maine-Soroa,42948
CRS,OFDA,EHA,En cours,Hôtes,Maine-Soroa,Maine-Soroa,42948
CRS,OFDA,EHA,En cours,Hôtes,Maine-Soroa,Maine-Soroa,42948
CRS,OFDA,EHA,En cours,Hôtes,Maine-Soroa,Maine-Soroa,42948
CRS,OFDA,EHA,En cours,Hôtes,Maine-Soroa,Maine-Soroa,42948
CRS,OFDA,EHA,En cours,Hôtes,Maine-Soroa,Maine-Soroa,42948
CRS,OFDA,EHA,En cours,Hôtes,Maine-Soroa,Maine-Soroa,42948
CRS,OFDA,EHA,En cours,Hôtes,Maine-Soroa,Maine-Soroa,42948
CRS,OFDA,EHA,En cours,Hôtes,Maine-Soroa,Maine-Soroa,42948
CRS,OFDA,EHA,En cours,Hôtes,Maine-Soroa,Maine-Soroa,42948
CRS,OFDA,EHA,En cours,Hôtes,Maine-Soroa,Maine-Soroa,42948
CRS,OFDA,EHA,En cours,Hôtes,Maine-Soroa,Maine-Soroa,42948
CRS,OFDA,EHA,En cours,Hôtes,Maine-Soroa,Maine-Soroa,42948
CRS,OFDA,EHA,Réalisé,Hôtes,Maine-Soroa,Maine-Soroa,42948
CRS,OFDA,EHA,Réalisé,Hôtes,Maine-Soroa,Maine-Soroa,42948
CRS,OFDA,EHA,Réalisé,Hôtes,Maine-Soroa,Maine-Soroa,42948
CRS,OFDA,EHA,Réalisé,Hôtes,Maine-Soroa,Maine-Soroa,42948
CRS,OFDA,EHA,Réalisé,Hôtes,Maine-Soroa,Maine-Soroa,42948
CRS,OFDA,EHA,Réalisé,Hôtes,Maine-Soroa,Maine-Soroa,42948
CRS,OFDA,EHA,Réalisé,Hôtes,Maine-Soroa,Maine-Soroa,42948
CRS,OFDA,EHA,Réalisé,Hôtes,Maine-Soroa,Maine-Soroa,42948
CRS,OFDA,EHA,Réalisé,Hôtes,Maine-Soroa,Maine-Soroa,42948
CRS,OFDA,EHA,Réalisé,Hôtes,Maine-Soroa,Maine-Soroa,42948
CRS,OFDA,EHA,Réalisé,Hôtes,Maine-Soroa,Maine-Soroa,42948
CRS,OFDA,EHA,Réalisé,Hôtes,Maine-Soroa,Maine-Soroa,42948
CRS,OFDA,Sécurité Alimentaire,Réalisé,Hôtes,Maine-Soroa,Maine-Soroa,42948
CRS,OFDA,Sécurité Alimentaire,Réalisé,Hôtes,Maine-Soroa,Maine-Soroa,42948
CRS,OFDA,Sécurité Alimentaire,Réalisé,Hôtes,Maine-Soroa,Maine-Soroa,42948
CRS,OFDA,Sécurité Alimentaire,Réalisé,Hôtes,Maine-Soroa,Maine-Soroa,42948
CRS,OFDA,Sécurité Alimentaire,Réalisé,Hôtes,Maine-Soroa,Maine-Soroa,42948
CRS,OFDA,Sécurité Alimentaire,Réalisé,Hôtes,Maine-Soroa,Maine-Soroa,42948
CRS,OFDA,Sécurité Alimentaire,Réalisé,Hôtes,Maine-Soroa,Maine-Soroa,42948
CRS,OFDA,Sécurité Alimentaire,Réalisé,Hôtes,Maine-Soroa,Maine-Soroa,42948
CRS,OFDA,Sécurité Alimentaire,Réalisé,Hôtes,Maine-Soroa,Maine-Soroa,42948
CRS,OFDA,Sécurité Alimentaire,Réalisé,Hôtes,Maine-Soroa,Maine-Soroa,42948
IRC,DOUBAI CARES ,Education,Planifié,Hôtes/Réfugiés,Maine-Soroa,Maine-Soroa,42948
SCI,AECID,Sécurité Alimentaire,En cours,Hôtes/Retournés ,Maine-Soroa,Maine-Soroa,42948
SCI,AECID,Sécurité Alimentaire,En cours,Hôtes/Retournés ,Maine-Soroa,Maine-Soroa,42948
SCI,AECID,Sécurité Alimentaire,En cours,Hôtes/Retournés ,Maine-Soroa,Maine-Soroa,42948
SCI,AECID,Sécurité Alimentaire,En cours,Hôtes/Retournés ,Maine-Soroa,Maine-Soroa,42948
SCI,AECID,Sécurité Alimentaire,En cours,Hôtes/Retournés ,Maine-Soroa,Maine-Soroa,42948
SCI,AECID,Sécurité Alimentaire,En cours,Hôtes/Retournés ,Maine-Soroa,Maine-Soroa,42948
SCI,AECID,Sécurité Alimentaire,En cours,Hôtes/Retournés ,Maine-Soroa,Maine-Soroa,42948
SCI,AECID,Sécurité Alimentaire,En cours,Hôtes/Retournés ,Maine-Soroa,Maine-Soroa,42948
SCI,AECID,Sécurité Alimentaire,En cours,Hôtes/Retournés ,Maine-Soroa,Maine-Soroa,42948
SCI,AECID,Sécurité Alimentaire,En cours,Hôtes/Retournés ,Maine-Soroa,Maine-Soroa,42948
SCI,AECID,Sécurité Alimentaire,En cours,Hôtes/Retournés ,Maine-Soroa,Maine-Soroa,42948
SCI,AECID,Sécurité Alimentaire,En cours,Hôtes/Retournés ,Maine-Soroa,Maine-Soroa,42948
SCI,AECID,Sécurité Alimentaire,En cours,Hôtes/Retournés ,Maine-Soroa,Maine-Soroa,42948
SCI,AECID,Sécurité Alimentaire,En cours,Hôtes/Retournés ,Maine-Soroa,Maine-Soroa,42948
SCI,AECID,Sécurité Alimentaire,En cours,Hôtes/Retournés ,Maine-Soroa,Maine-Soroa,42948
SCI,AECID,Sécurité Alimentaire,En cours,Hôtes/Retournés ,Maine-Soroa,Maine-Soroa,42948
SCI,AECID,Sécurité Alimentaire,En cours,Hôtes/Retournés ,Maine-Soroa,Maine-Soroa,42948
SCI,AECID,Sécurité Alimentaire,En cours,Hôtes/Retournés ,Maine-Soroa,Maine-Soroa,42948
SCI,AECID,Sécurité Alimentaire,En cours,Hôtes/Retournés ,Maine-Soroa,Maine-Soroa,42948
SCI,AECID,Sécurité Alimentaire,En cours,Hôtes/Retournés ,Maine-Soroa,Maine-Soroa,42948
SCI,AECID,Sécurité Alimentaire,En cours,Hôtes/Retournés ,Maine-Soroa,Maine-Soroa,42948
SCI,AECID,Sécurité Alimentaire,En cours,Hôtes/Retournés ,Maine-Soroa,Maine-Soroa,42948
SCI,AECID,Sécurité Alimentaire,En cours,Hôtes/Retournés ,Maine-Soroa,Maine-Soroa,42948
SCI,AECID,Sécurité Alimentaire,En cours,Hôtes/Retournés ,Maine-Soroa,Maine-Soroa,42948
SCI,AECID,Sécurité Alimentaire,En cours,Hôtes/Retournés ,Maine-Soroa,Maine-Soroa,42948
SCI,AECID,Sécurité Alimentaire,En cours,Hôtes/Retournés ,Maine-Soroa,Maine-Soroa,42948
SCI,AECID,Sécurité Alimentaire,En cours,Hôtes/Retournés ,Maine-Soroa,Maine-Soroa,42948
SCI,AECID,Sécurité Alimentaire,En cours,Hôtes/Retournés ,Maine-Soroa,Maine-Soroa,42948
SCI,AECID,Sécurité Alimentaire,En cours,Hôtes/Retournés ,Maine-Soroa,Maine-Soroa,42948
SCI,AECID,Sécurité Alimentaire,En cours,Hôtes/Retournés ,Maine-Soroa,Maine-Soroa,42948
SCI,USAID,Sécurité Alimentaire,En cours,Hôtes/Retournés ,Maine-Soroa,Maine-Soroa,42948
SCI,USAID,Sécurité Alimentaire,En cours,Hôtes/Retournés ,Maine-Soroa,Maine-Soroa,42948
SCI,USAID,Sécurité Alimentaire,En cours,Hôtes/Retournés ,Maine-Soroa,Maine-Soroa,42948
SCI,USAID,Sécurité Alimentaire,En cours,Hôtes/Retournés ,Maine-Soroa,Maine-Soroa,42948
SCI,USAID,Sécurité Alimentaire,En cours,Hôtes/Retournés ,Maine-Soroa,Maine-Soroa,42948
SCI,USAID,Sécurité Alimentaire,En cours,Hôtes/Retournés ,Maine-Soroa,Maine-Soroa,42948
SCI,USAID,Sécurité Alimentaire,En cours,Hôtes/Retournés ,Maine-Soroa,Maine-Soroa,42948
SCI,USAID,Sécurité Alimentaire,En cours,Hôtes/Retournés ,Maine-Soroa,Maine-Soroa,42948
SCI,USAID,Sécurité Alimentaire,En cours,Hôtes/Retournés ,Maine-Soroa,Maine-Soroa,42948
SCI,USAID,Sécurité Alimentaire,En cours,Hôtes/Retournés ,Maine-Soroa,Maine-Soroa,42948
SCI,USAID,Sécurité Alimentaire,En cours,Hôtes/Retournés ,Maine-Soroa,Maine-Soroa,42948
SCI,ECHO,Nutrition,En cours,Réfugiés/Retournés/Hôtes,Maine-Soroa,Maine-Soroa,42948
SCI,Ministry of Foreign Affairs of Norway,Education,En cours,Tous,Maine-Soroa,Maine-Soroa,42948
CARE Niger,PAM,Nutrition,En cours,Tous,Maine-Soroa,Maine-Soroa,42948
CARE Niger,PAM,Nutrition,En cours,Tous,Maine-Soroa,Maine-Soroa,42948
CARE Niger,PAM,Nutrition,En cours,Tous,Maine-Soroa,Maine-Soroa,42948
CARE Niger,PAM,Nutrition,En cours,Tous,Maine-Soroa,Maine-Soroa,42948
CARE Niger,PAM,Nutrition,En cours,Tous,Maine-Soroa,Maine-Soroa,42948
CARE Niger,PAM,Nutrition,En cours,Tous,Maine-Soroa,Maine-Soroa,42948
CARE Niger,PAM,Nutrition,En cours,Tous,Maine-Soroa,Maine-Soroa,42948
CARE Niger,PAM,Nutrition,En cours,Tous,Maine-Soroa,Maine-Soroa,42948
CARE Niger,PAM,Nutrition,En cours,Tous,Maine-Soroa,Maine-Soroa,42948
CARE Niger,PAM,Nutrition,En cours,Tous,Maine-Soroa,Maine-Soroa,42948
CARE Niger,PAM,Nutrition,En cours,Tous,Maine-Soroa,Maine-Soroa,42948
CARE Niger,PAM,Nutrition,En cours,Tous,Maine-Soroa,Maine-Soroa,42948
CARE Niger,PAM,Nutrition,En cours,Tous,Maine-Soroa,Maine-Soroa,42948
CARE Niger,PAM,Nutrition,En cours,Tous,Maine-Soroa,Maine-Soroa,42948
CARE Niger,PAM,Nutrition,En cours,Tous,Maine-Soroa,Maine-Soroa,42948
CARE Niger,PAM,Nutrition,En cours,Tous,Maine-Soroa,Maine-Soroa,42948
CARE Niger,PAM,Nutrition,En cours,Tous,Maine-Soroa,Maine-Soroa,42948
CARE Niger,PAM,Nutrition,En cours,Tous,Maine-Soroa,Maine-Soroa,42948
CARE Niger,PAM,Nutrition,En cours,Tous,Maine-Soroa,Maine-Soroa,42948
CARE Niger,PAM,Nutrition,En cours,Tous,Maine-Soroa,Maine-Soroa,42948
CARE Niger,PAM,Nutrition,En cours,Tous,Maine-Soroa,Maine-Soroa,42948
CARE Niger,PAM,Nutrition,En cours,Tous,Maine-Soroa,Maine-Soroa,42948
CARE Niger,PAM,Nutrition,En cours,Tous,Maine-Soroa,Maine-Soroa,42948
CARE Niger,PAM,Nutrition,En cours,Tous,Maine-Soroa,Maine-Soroa,42948
CARE Niger,PAM,Nutrition,En cours,Tous,Maine-Soroa,Maine-Soroa,42948
CARE Niger,PAM,Nutrition,En cours,Tous,Maine-Soroa,Maine-Soroa,42948
CARE Niger,PAM,Nutrition,En cours,Tous,Maine-Soroa,Maine-Soroa,42948
CARE Niger,PAM,Protection de l'enfance,En cours,Tous,Maine-Soroa,Maine-Soroa,42948
CARE Niger,PAM,Protection de l'enfance,En cours,Tous,Maine-Soroa,Maine-Soroa,42948
CARE Niger,PAM,Protection de l'enfance,En cours,Tous,Maine-Soroa,Maine-Soroa,42948
CARE Niger,PAM,Protection de l'enfance,En cours,Tous,Maine-Soroa,Maine-Soroa,42948
CARE Niger,PAM,Protection de l'enfance,En cours,Tous,Maine-Soroa,Maine-Soroa,42948
CARE Niger,PAM,Protection de l'enfance,En cours,Tous,Maine-Soroa,Maine-Soroa,42948
CARE Niger,PAM,Protection de l'enfance,En cours,Tous,Maine-Soroa,Maine-Soroa,42948
CARE Niger,PAM,Protection de l'enfance,En cours,Tous,Maine-Soroa,Maine-Soroa,42948
CARE Niger,PAM,Protection de l'enfance,En cours,Tous,Maine-Soroa,Maine-Soroa,42948
SCI,SIDA,Protection de l'enfance,En cours,Tous,Maine-Soroa,Maine-Soroa,42948
CARE Niger,PAM,Sécurité Alimentaire,En cours,Tous,Maine-Soroa,Maine-Soroa,42948
CARE Niger,PAM,Sécurité Alimentaire,En cours,Tous,Maine-Soroa,Maine-Soroa,42948
CARE Niger,PAM,Sécurité Alimentaire,En cours,Tous,Maine-Soroa,Maine-Soroa,42948
CARE Niger,PAM,Sécurité Alimentaire,En cours,Tous,Maine-Soroa,Maine-Soroa,42948
CARE Niger,PAM,Sécurité Alimentaire,En cours,Tous,Maine-Soroa,Maine-Soroa,42948
CARE Niger,PAM,Sécurité Alimentaire,En cours,Tous,Maine-Soroa,Maine-Soroa,42948
CARE Niger,PAM,Sécurité Alimentaire,En cours,Tous,Maine-Soroa,Maine-Soroa,42948
CARE Niger,PAM,Sécurité Alimentaire,En cours,Tous,Maine-Soroa,Maine-Soroa,42948
CARE Niger,PAM,Sécurité Alimentaire,En cours,Tous,Maine-Soroa,Maine-Soroa,42948
CARE Niger,PAM,Sécurité Alimentaire,En cours,Tous,Maine-Soroa,Maine-Soroa,42948
CARE Niger,PAM,Sécurité Alimentaire,En cours,Tous,Maine-Soroa,Maine-Soroa,42948
CARE Niger,PAM,Sécurité Alimentaire,En cours,Tous,Maine-Soroa,Maine-Soroa,42948
CARE Niger,PAM,Sécurité Alimentaire,En cours,Tous,Maine-Soroa,Maine-Soroa,42948
CARE Niger,PAM,Sécurité Alimentaire,En cours,Tous,Maine-Soroa,Maine-Soroa,42948
CARE Niger,PAM,Sécurité Alimentaire,En cours,Tous,Maine-Soroa,Maine-Soroa,42948
CARE Niger,PAM,Sécurité Alimentaire,En cours,Tous,Maine-Soroa,Maine-Soroa,42948
CARE Niger,PAM,Sécurité Alimentaire,Planifié,Tous,Maine-Soroa,Maine-Soroa,42948
CARE Niger,Coopération Luxembourgeoise,Protection,Réalisé,Tous,Maine-Soroa,Maine-Soroa,42948
CARE Niger,Coopération Luxembourgeoise,Protection,Réalisé,Tous,Maine-Soroa,Maine-Soroa,42948
CARE Niger,Coopération Luxembourgeoise,Protection,Réalisé,Tous,Maine-Soroa,Maine-Soroa,42948
CARE Niger,UNICEF,Protection,Réalisé,Tous,Maine-Soroa,Maine-Soroa,42948
CARE Niger,UNICEF,Protection,Réalisé,Tous,Maine-Soroa,Maine-Soroa,42948
CARE Niger,Coopération Luxembourgeoise,Protection de l'enfance,Réalisé,Tous,Maine-Soroa,Maine-Soroa,42948
SOS Villages Enfants,Financements multiples,Protection de l'enfance,Réalisé,Tous,Maine-Soroa,Maine-Soroa,42948
SOS Villages Enfants,Financements multiples,Protection de l'enfance,Réalisé,Tous,Maine-Soroa,Maine-Soroa,42948
SOS Villages Enfants,Financements multiples,Protection de l'enfance,Réalisé,Tous,Maine-Soroa,Maine-Soroa,42948
CARE Niger,UNICEF,Protection de l'enfance,Réalisé,Tous,Maine-Soroa,Maine-Soroa,42948
IRC,BPRM,Protection,Réalisé,Tous,Maine-Soroa,Maine-Soroa,42948
IRC,OFDA,Protection de l'enfance,Réalisé,Tous,Maine-Soroa,Maine-Soroa,42948
IRC,UNICEF,Protection de l'enfance,Réalisé,Tous,Maine-Soroa,Maine-Soroa,42948
IRC,UNICEF,Protection de l'enfance,Réalisé,Tous,Maine-Soroa,Maine-Soroa,42948
IRC,UNICEF,Protection de l'enfance,Réalisé,Tous,Maine-Soroa,Maine-Soroa,42948
IRC,CDC,Santé,Réalisé,Tous,Maine-Soroa,Maine-Soroa,42948
CARE Niger,PAM,Sécurité Alimentaire,Réalisé,Tous,Maine-Soroa,Maine-Soroa,42948
SCI,AECID,Sécurité Alimentaire,En cours,Hôtes/Retournés ,Maine-Soroa,Maine-Soroa,42948
ACTED,ECHO,EHA,Planifié,DéplacésRéfugiés/Retournés,Maine-Soroa,Maine-Soroa,42948
ACTED,ECHO,Abris/BNA,Planifié,DéplacésRéfugiés/Retournés,Maine-Soroa,Maine-Soroa,42948
CARE Niger,UNHCR,Logistique,Réalisé,Tous,Maine-Soroa,Maine-Soroa,42948
CARE Niger,UNHCR,Logistique,Réalisé,Tous,Maine-Soroa,Maine-Soroa,42948
CRPGCA,CCA,Sécurité Alimentaire,En cours,Déplacés/Hôtes,N'Gourti,N'Gourti,42951
CARE Niger,UNHCR,Logistique,Réalisé,Tous,N'Gourti,N'Gourti,42951
CRPGCA,CCA,Sécurité Alimentaire,En cours,Déplacés/Hôtes,Maine-Soroa,N'Gueil Bely,42951
SCI,PAM,Sécurité Alimentaire,En cours,Hôtes/Retournés ,Maine-Soroa,N'Gueil Bely,42951
SCI,PAM,Sécurité Alimentaire,En cours,Hôtes/Retournés ,Maine-Soroa,N'Gueil Bely,42951
SCI,PAM,Sécurité Alimentaire,En cours,Hôtes/Retournés ,Maine-Soroa,N'Gueil Bely,42951
SCI,ECHO,Nutrition,En cours,Réfugiés/Retournés/Hôtes,Maine-Soroa,N'Gueil Bely,42951
CARE Niger,UNHCR,Logistique,Réalisé,Tous,Maine-Soroa,N'Gueil Bely,42951
DRC,ECHO,Protection,Réalisé,Déplacés,N'Guigmi,N'Guigmi,42955
MSF-E,Fonds propres,Santé,En cours,Déplacés/Hôtes,N'Guigmi,N'Guigmi,42955
MSF-E,Fonds propres,Santé,En cours,Déplacés/Hôtes/Réfugiés,N'Guigmi,N'Guigmi,42955
MSF-E,Fonds propres,Santé,En cours,Déplacés/Hôtes/Réfugiés,N'Guigmi,N'Guigmi,42955
MSF-E,Fonds propres,Santé,En cours,Déplacés/Hôtes/Réfugiés,N'Guigmi,N'Guigmi,42955
MSF-E,Fonds propres,Santé,En cours,Déplacés/Hôtes/Réfugiés,N'Guigmi,N'Guigmi,42955
MSF-E,Fonds propres,Santé,En cours,Déplacés/Hôtes/Réfugiés,N'Guigmi,N'Guigmi,42955
SFCG,NDI-USAID ET DANIDA,Communication,En cours,Déplacés/Hôtes,N'Guigmi,N'Guigmi,42955
SFCG,BPRM,Communication,En cours,Déplacés/Hôtes,N'Guigmi,N'Guigmi,42955
ACTED,OFDA,EHA,En cours,Déplacés/Hôtes,N'Guigmi,N'Guigmi,42955
ACTED,OFDA,EHA,En cours,Déplacés/Hôtes,N'Guigmi,N'Guigmi,42955
ACTED,OFDA,EHA,En cours,Déplacés/Hôtes,N'Guigmi,N'Guigmi,42955
ACTED,OFDA,EHA,En cours,Déplacés/Hôtes,N'Guigmi,N'Guigmi,42955
ACTED,OFDA,EHA,En cours,Déplacés/Hôtes,N'Guigmi,N'Guigmi,42955
ACTED,OFDA,EHA,En cours,Déplacés/Hôtes,N'Guigmi,N'Guigmi,42955
SFCG,BPRM,Protection,En cours,Déplacés/Hôtes,N'Guigmi,N'Guigmi,42955
CRPGCA,CCA,Sécurité Alimentaire,En cours,Déplacés/Hôtes,N'Guigmi,N'Guigmi,42955
OIM,Fonds CERF,Abris/BNA,Réalisé,Déplacés/Hôtes,N'Guigmi,N'Guigmi,42955
OIM,Fonds CERF,Abris/BNA,Réalisé,Déplacés/Hôtes,N'Guigmi,N'Guigmi,42955
ACTED,OFDA,EHA,Réalisé,Déplacés/Hôtes,N'Guigmi,N'Guigmi,42955
ACTED,OFDA,EHA,Réalisé,Déplacés/Hôtes,N'Guigmi,N'Guigmi,42955
CARE Niger,ECHO,EHA,En cours,Déplacés/Hôtes/Réfugiés,N'Guigmi,N'Guigmi,42955
MSF-E,Fonds propres,Nutrition,En cours,Déplacés/Hôtes/Réfugiés,N'Guigmi,N'Guigmi,42955
MSF-E,Fonds propres,Nutrition,En cours,Déplacés/Hôtes/Réfugiés,N'Guigmi,N'Guigmi,42955
CARE Niger,ECHO,EHA,Réalisé,Déplacés/Hôtes/Réfugiés,N'Guigmi,N'Guigmi,42955
CARE Niger,ECHO,EHA,Réalisé,Déplacés/Hôtes/Réfugiés,N'Guigmi,N'Guigmi,42955
CARE Niger,ECHO,EHA,Réalisé,Déplacés/Hôtes/Réfugiés,N'Guigmi,N'Guigmi,42955
CARE Niger,ECHO,EHA,Réalisé,Déplacés/Hôtes/Réfugiés,N'Guigmi,N'Guigmi,42955
CARE Niger,ECHO,EHA,Réalisé,Déplacés/Hôtes/Réfugiés,N'Guigmi,N'Guigmi,42955
CARE Niger,ECHO,EHA,Réalisé,Déplacés/Hôtes/Réfugiés,N'Guigmi,N'Guigmi,42955
CARE Niger,ECHO,EHA,Réalisé,Déplacés/Hôtes/Réfugiés,N'Guigmi,N'Guigmi,42955
CARE Niger,ECHO,EHA,Réalisé,Déplacés/Hôtes/Réfugiés,N'Guigmi,N'Guigmi,42955
CARE Niger,ECHO,EHA,Réalisé,Déplacés/Hôtes/Réfugiés,N'Guigmi,N'Guigmi,42955
ACTED,OFDA,EHA,Réalisé,Déplacés/Hôtes/Retournés,N'Guigmi,N'Guigmi,42955
ACTED,OFDA,EHA,Réalisé,Déplacés/Hôtes/Retournés,N'Guigmi,N'Guigmi,42955
ACTED,OFDA,EHA,Réalisé,Déplacés/Hôtes/Retournés,N'Guigmi,N'Guigmi,42955
ACTED,OFDA,EHA,Réalisé,Déplacés/Hôtes/Retournés,N'Guigmi,N'Guigmi,42955
ACTED,OFDA,EHA,En cours,Déplacés/Retournés,N'Guigmi,N'Guigmi,42955
ACTED,OFDA,EHA,En cours,Déplacés/Retournés,N'Guigmi,N'Guigmi,42955
ACTED,OFDA,EHA,En cours,Déplacés/Retournés,N'Guigmi,N'Guigmi,42955
ACTED,OFDA,EHA,En cours,Déplacés/Retournés,N'Guigmi,N'Guigmi,42955
ACTED,OFDA,EHA,En cours,Déplacés/Retournés,N'Guigmi,N'Guigmi,42955
ACTED,OFDA,EHA,En cours,Déplacés/Retournés,N'Guigmi,N'Guigmi,42955
ACTED,OFDA,EHA,En cours,Déplacés/Retournés,N'Guigmi,N'Guigmi,42955
ACTED,OFDA,EHA,En cours,Déplacés/Retournés,N'Guigmi,N'Guigmi,42955
ACTED,OFDA,EHA,En cours,Déplacés/Retournés,N'Guigmi,N'Guigmi,42955
ACTED,OFDA,EHA,Réalisé,Déplacés/Retournés,N'Guigmi,N'Guigmi,42955
ACTED,OFDA,EHA,Réalisé,Déplacés/Retournés,N'Guigmi,N'Guigmi,42955
ACTED,OFDA,EHA,Réalisé,Déplacés/Retournés,N'Guigmi,N'Guigmi,42955
ACTED,OFDA,EHA,Réalisé,Déplacés/Retournés,N'Guigmi,N'Guigmi,42955
ACTED,OFDA,EHA,Réalisé,Déplacés/Retournés,N'Guigmi,N'Guigmi,42955
ACTED,OFDA,EHA,Réalisé,Déplacés/Retournés,N'Guigmi,N'Guigmi,42955
ACTED,OFDA,EHA,Réalisé,Déplacés/Retournés,N'Guigmi,N'Guigmi,42955
ACTED,OFDA,EHA,Réalisé,Déplacés/Retournés,N'Guigmi,N'Guigmi,42955
ACTED,OFDA,EHA,Réalisé,Déplacés/Retournés,N'Guigmi,N'Guigmi,42955
CISP,BPRM,Abris/BNA,En cours,Hôtes/Réfugiés,N'Guigmi,N'Guigmi,42955
CARE Niger,Coopération Luxembourgeoise,Protection,Réalisé,Tous,N'Guigmi,N'Guigmi,42955
CARE Niger,UNICEF,Protection,Réalisé,Tous,N'Guigmi,N'Guigmi,42955
DRC,PAM,Sécurité Alimentaire,Réalisé,Tous,N'Guigmi,N'Guigmi,42955
IRC,OFDA,Protection de l'enfance,Réalisé,Tous,N'Guigmi,N'Guigmi,42955
IRC,UNICEF,Protection de l'enfance,Réalisé,Tous,N'Guigmi,N'Guigmi,42955
CARE Niger,UNHCR,Abris/BNA,Planifié,Tous,N'Guigmi,N'Guigmi,42955
CARE Niger,UNHCR,Logistique,En cours,Tous,N'Guigmi,N'Guigmi,42955
ACTED,ECHO,EHA,Planifié,DéplacésRéfugiés/Retournés,N'Guigmi,N'Guigmi,42955
ACTED,ECHO,Abris/BNA,Planifié,DéplacésRéfugiés/Retournés,N'Guigmi,N'Guigmi,42955
CARE Niger,UNHCR,Logistique,Réalisé,Tous,N'Guigmi,N'Guigmi,42955
CARE Niger,UNHCR,Logistique,Réalisé,Tous,N'Guigmi,N'Guigmi,42955
MSF-E,Fonds propres,Santé,En cours,Déplacés/Hôtes/Réfugiés,Bosso,Toumour,42944
MSF-E,Fonds propres,Santé,En cours,Déplacés/Hôtes/Réfugiés,Bosso,Toumour,42944
MSF-E,Fonds propres,Nutrition,En cours,Déplacés/Hôtes/Réfugiés,Bosso,Toumour,42944
CRS,The Church of Jesus Christ of Latter-Day Saints,Sécurité Alimentaire,Réalisé,Tous,Bosso,Toumour,42944
CISP,UNHCR,Abris/BNA,En cours,Réfugiés/Retournés/Hôtes,Bosso,Toumour,42944
SCI,ECHO,Nutrition,En cours,Réfugiés/Retournés/Hôtes,Bosso,Toumour,42944
SCI,BPRM,Protection de l'enfance,En cours,Réfugiés/Retournés/Hôtes,Bosso,Toumour,42944
SCI,BPRM,Santé,En cours,Réfugiés/Retournés/Hôtes,Bosso,Toumour,42944
SCI,SIDA,Protection de l'enfance,En cours,Tous,Bosso,Toumour,42944
IRC,UNICEF,Protection de l'enfance,Réalisé,Tous,Bosso,Toumour,42944
IRC,UNICEF,Protection de l'enfance,Réalisé,Tous,Bosso,Toumour,42944
IRC,UNICEF,Protection de l'enfance,Réalisé,Tous,Bosso,Toumour,42944
ACTED,ECHO,EHA,Planifié,DéplacésRéfugiés/Retournés,Bosso,Toumour,42944
ACTED,ECHO,Abris/BNA,Planifié,DéplacésRéfugiés/Retournés,Bosso,Toumour,42944
CARE Niger,UNHCR,Logistique,Réalisé,Tous,Bosso,Toumour,42944
CARE Niger,UNHCR,Logistique,Réalisé,Tous,Bosso,Toumour,42944